Especialidad,
*
Adolescentes,
Agro,
Agroindustria,
Agropecuario,
Andinismo,
Animales,
Armas,
Arquitectura,
Arte,
Astrología,
Automovilismo,
Automóviles,
Autos,
Bailable,
Barrial,
Belleza,
Bicicletas,
Ciencia/Salud,
Cine,
Clasificados,
Clima,
Cocina,
Computación,
Comunicación,
Construcción,
Consumidores,
Consumo,
Countries,
Cultura,
Cultural y Musical,
Decoración,
Deportes,
Derecho,
Diexismo,
Disco Pub,
Ecología,
Economía,
Editorial,
Educación,
Electrónica,
Empleos,
Empresas,
Entretenimiento,
Espectáculo,
Esqui,
Estilo de vida,
Eventos,
Exparcimiento,
Familia,
Folclore,
Fotografía,
Gastronomía,
Geografía,
Gremio Prensa,
Guia de Cursos,
Guía,
Historia,
Hockey,
Humor,
Industria,
Infantil,
Informática,
Interés general,
Intimidades,
Judicial,
Juegos,
Jurídico,
Legislación,
Manualidades,
Masculino,
Maternidad,
Medio Ambiente,
Medios,
Meteorología,
Moda,
Mujer,
Música,
Música clasica,
Negocios,
Obras Estatales,
Ofertas,
Paisajismo,
Policiales,
Política,
Propiedades,
Publicidad,
Regional,
Religión,
Salud,
Salud Ambiental,
Salud Animal,
Salud Mental,
Salud/Ciencia,
Sastre,
Tecnología,
Tendencias,
Transportes,
Turismo,
Turismo y gral,
TV por Cable,
Vinos,
Vivienda,
